{
  "reference_marker_id": null,
  "markers": {
    "0": {
      "rotation_matrix": [
        [
          1.0,
          0.0,
          0.0
        ],
        [
          0.0,
          1.0,
          0.0
        ],
        [
          0.0,
          0.0,
          1.0
        ]
      ],
      "translation_vector": [
        [
          0.0
        ],
        [
          0.0
        ],
        [
          0.0
        ]
      ],
      "confidence": 1.0
    },
    "1": {
      "rotation_matrix": [
        [
          0.9989899123518693,
          -0.03330501941826646,
          0.030165057612301992
        ],
        [
          0.03282743647738385,
          0.9993298699860876,
          0.016191675883387456
        ],
        [
          -0.030684107181535077,
          -0.015185079358970606,
          0.9994137776373376
        ]
      ],
      "translation_vector": [
        [
          0.3783475804392529
        ],
        [
          17.347937089678148
        ],
        [
          -0.3890468697411005
        ]
      ],
      "confidence": 1.0
    }
  },
  "marker_size": 10
}