{
  "reference_marker_id": null,
  "markers": {
    "0": {
      "rotation_matrix": [
        [
          1.0,
          0.0,
          0.0
        ],
        [
          0.0,
          1.0,
          0.0
        ],
        [
          0.0,
          0.0,
          1.0
        ]
      ],
      "translation_vector": [
        [
          0.0
        ],
        [
          0.0
        ],
        [
          0.0
        ]
      ],
      "confidence": 1.0
    },
    "1": {
      "rotation_matrix": [
        [
          -0.174919725269383,
          0.9165135161707928,
          -0.35973054414093586
        ],
        [
          -0.9756092168152023,
          -0.11212704870487966,
          0.18871719851132052
        ],
        [
          0.13262633892598832,
          0.3839667949510528,
          0.9137722662666585
        ]
      ],
      "translation_vector": [
        [
          -5.431566227524776
        ],
        [
          18.23206713378207
        ],
        [
          -1.3255474130788267
        ]
      ],
      "confidence": 1.0
    },
    "9": {
      "rotation_matrix": [
        [
          0.1863209378261447,
          -0.9127296924606532,
          0.3636055783789184
        ],
        [
          0.9341594388082198,
          0.04993281544887054,
          -0.35334523744754365
        ],
        [
          0.30435283966655857,
          0.4055011990636166,
          0.861938586295376
        ]
      ],
      "translation_vector": [
        [
          9.177328068772733
        ],
        [
          18.207430840770705
        ],
        [
          3.099154570088695
        ]
      ],
      "confidence": 1.0
    }
  },
  "marker_size": 10
}