{
  "reference_marker_id": 1,
  "markers": {
    "1": {
      "rotation_matrix": [
        [
          1.0,
          0.0,
          0.0
        ],
        [
          0.0,
          1.0,
          0.0
        ],
        [
          0.0,
          0.0,
          1.0
        ]
      ],
      "translation_vector": [
        [
          0.0
        ],
        [
          0.0
        ],
        [
          0.0
        ]
      ],
      "confidence": 1.0
    },
    "0": {
      "rotation_matrix": [
        [
          -0.04361489859479767,
          -0.992766390418793,
          -0.11185988859017505
        ],
        [
          0.9881724843883926,
          -0.05934505118912795,
          0.14139768738218822
        ],
        [
          -0.14701320253037403,
          -0.10436981821484909,
          0.9836127588271528
        ]
      ],
      "translation_vector": [
        [
          -3.6097490301282864
        ],
        [
          22.57014880045417
        ],
        [
          -0.7735190390535641
        ]
      ],
      "confidence": 1.0
    },
    "5": {
      "rotation_matrix": [
        [
          0.9518233837201824,
          -0.30280292770718276,
          -0.048400755938532915
        ],
        [
          0.2962369924118258,
          0.9487623009017904,
          -0.10997154502114294
        ],
        [
          0.0792205183665128,
          0.0903353937252708,
          0.9927555721879587
        ]
      ],
      "translation_vector": [
        [
          -0.31247104867117637
        ],
        [
          40.43549288730928
        ],
        [
          -4.295678355029512
        ]
      ],
      "confidence": 1.0
    },
    "9": {
      "rotation_matrix": [
        [
          0.33678822021830473,
          0.6875895152136594,
          0.6432684923812384
        ],
        [
          0.8790203368691971,
          -0.4744679305715559,
          0.04694070972522803
        ],
        [
          0.3374862102257657,
          0.5496370087861533,
          -0.7642003771786954
        ]
      ],
      "translation_vector": [
        [
          -14.129444169979513
        ],
        [
          37.28067431096171
        ],
        [
          1.3577951546810416
        ]
      ],
      "confidence": 1.0
    }
  },
  "marker_size": 10
}