{
  "reference_marker_id": 3,
  "markers": {
    "3": {
      "rotation_matrix": [
        [
          -0.034099383202758723,
          0.988153382262731,
          0.1496333024026287
        ],
        [
          0.8465654874108887,
          0.10813501210161593,
          -0.5211848949101919
        ],
        [
          -0.5311912156558651,
          0.10890230613035012,
          -0.8402238869072551
        ]
      ],
      "translation_vector": [
        [
          6.058639041835792
        ],
        [
          0.4198401394783952
        ],
        [
          22.45705583415038
        ]
      ],
      "confidence": 1.0
    }
  },
  "marker_size": 10
}