{
  "reference_marker_id": null,
  "markers": {
    "0": {
      "rotation_matrix": [
        [
          1.0,
          0.0,
          0.0
        ],
        [
          0.0,
          1.0,
          0.0
        ],
        [
          0.0,
          0.0,
          1.0
        ]
      ],
      "translation_vector": [
        [
          0.0
        ],
        [
          0.0
        ],
        [
          0.0
        ]
      ],
      "confidence": 57.10000000000054
    },
    "9": {
      "rotation_matrix": [
        [
          -0.7935949209556119,
          -0.2698016787844131,
          -0.5453569065837239
        ],
        [
          -0.27629089356158854,
          -0.6387761068803569,
          0.718072717357869
        ],
        [
          -0.542098186280304,
          0.7205360084020003,
          0.43238572713228807
        ]
      ],
      "translation_vector": [
        [
          1.4874060946937195
        ],
        [
          42.05590233381112
        ],
        [
          -0.8872868521786081
        ]
      ],
      "confidence": 39.100000000000286
    }
  },
  "marker_size": 10
}