{
  "reference_marker_id": 9,
  "markers": {
    "9": {
      "rotation_matrix": [
        [
          1.0,
          0.0,
          0.0
        ],
        [
          0.0,
          1.0,
          0.0
        ],
        [
          0.0,
          0.0,
          1.0
        ]
      ],
      "translation_vector": [
        [
          0.0
        ],
        [
          0.0
        ],
        [
          0.0
        ]
      ],
      "confidence": 1.0
    },
    "1": {
      "rotation_matrix": [
        [
          -0.6580276685396391,
          -0.18826175146163326,
          -0.7290796255368029
        ],
        [
          -0.13120323453269847,
          -0.9247638651872249,
          0.3572079294922518
        ],
        [
          -0.7414750829828636,
          0.33071030612997554,
          0.5838196594282977
        ]
      ],
      "translation_vector": [
        [
          -14.024389466544099
        ],
        [
          0.06626933802165169
        ],
        [
          0.25998398301757053
        ]
      ],
      "confidence": 1.0
    }
  },
  "marker_size": 10
}