{
  "reference_marker_id": 1,
  "markers": {
    "1": {
      "rotation_matrix": [
        [
          1.0,
          0.0,
          0.0
        ],
        [
          0.0,
          1.0,
          0.0
        ],
        [
          0.0,
          0.0,
          1.0
        ]
      ],
      "translation_vector": [
        [
          0.0
        ],
        [
          0.0
        ],
        [
          0.0
        ]
      ],
      "confidence": 1.0
    },
    "0": {
      "rotation_matrix": [
        [
          0.9676303271233138,
          0.2236310757517912,
          0.11696449029224694
        ],
        [
          -0.2215883111186059,
          0.9746677436318502,
          -0.03035473437871121
        ],
        [
          -0.1207897777414649,
          0.0034541976919060875,
          0.9926720999965059
        ]
      ],
      "translation_vector": [
        [
          -2.1866882775262635
        ],
        [
          -30.228748993703167
        ],
        [
          -8.980037176619732
        ]
      ],
      "confidence": 1.0
    },
    "2": {
      "rotation_matrix": [
        [
          0.9194694918282228,
          0.2726403188842399,
          0.28327214850007754
        ],
        [
          -0.28965002880405105,
          0.9569411041638872,
          0.019146382828421304
        ],
        [
          -0.2658546866447204,
          -0.09965430086202975,
          0.9588484269730736
        ]
      ],
      "translation_vector": [
        [
          -6.776087439157621
        ],
        [
          -64.94332879619073
        ],
        [
          -22.114058012377342
        ]
      ],
      "confidence": 1.0
    }
  },
  "marker_size": 10
}