{
  "reference_marker_id": 2,
  "markers": {
    "2": {
      "rotation_matrix": [
        [
          1.0000000000000002,
          -7.140394269223832e-17,
          -2.1863198134135542e-18
        ],
        [
          -7.140394269223832e-17,
          1.000000000000001,
          -1.1114924995569873e-16
        ],
        [
          -2.1863198134135542e-18,
          -1.1114924995569873e-16,
          1.0
        ]
      ],
      "translation_vector": [
        [
          0.0
        ],
        [
          0.0
        ],
        [
          0.0
        ]
      ],
      "confidence": 1.0,
      "first_seen_time": 6.545726299285889
    },
    "6": {
      "rotation_matrix": [
        [
          -0.010480916528684188,
          -0.9910719549410301,
          -0.1329155014213348
        ],
        [
          0.9693580686351602,
          0.022554658379705432,
          -0.24461443570911143
        ],
        [
          0.2454283707329513,
          -0.1314064972318375,
          0.9604672026282981
        ]
      ],
      "translation_vector": [
        [
          19.240251614082336
        ],
        [
          2.4460870403322073
        ],
        [
          3.5494024287083072
        ]
      ],
      "confidence": 1.0,
      "first_seen_time": 7.0980544090271
    }
  },
  "marker_size": 10
}